<template name="videoCalls" caption="Free Video Calls and Chat" keywords="video calls, video, calls, messenger, chat" type="native" orientation="user" screenshot="/preview.jpg" version="1.0.0">
	<description>
		AppsGeyser is introducing a new app template for the video calls!<br/><br/>
		Do the most popular app for your community or locals<br/>
		You can invite friend into app and create the group chat!<br/>
		Lot's of Emoji, Stikers, voice messages is available for comfort conversation<br/>
<br/>
		<b><a href="http://play.google.com/store/apps/details?id=org.catflix.cybermessenger&amp;utm_source=appsgeyser&amp;utm_medium=description&amp;utm_content=link" target="_blank">Application example</a></b>
<br/>
	</description>

	<image name="chatLightBackgroundImage" label="Light theme chat background image (1080x1920):" resizeWidth="1080" resizeHeight="1920" crop="true"/>
	<image name="chatDarkBackgroundImage" label="Dark theme chat background image (1080x1920):" resizeWidth="1080" resizeHeight="1920" crop="true"/>
	<color name="backgroundColor" label="Background color: " value="ffffff"/>

	<multipleImages name="cameraStickers" minCount="1" maxCount="50" label="Camera stickers:" initialCount="1"/>
	<appTheme randomize="true"/>
</template>